[
	{ "code": "201", "location": "New Jersey (Newark, Jersey City)" },
	{ "code": "202", "location": "Washington, DC" },
	{ "code": "203", "location": "Connecticut (New Haven, Bridgeport)" },
	{ "code": "205", "location": "Alabama (Birmingham)" },
	{ "code": "206", "location": "Washington (Seattle)" },
	{ "code": "207", "location": "Maine" },
	{ "code": "208", "location": "Idaho" },
	{ "code": "209", "location": "California (Stockton, Modesto)" },
	{ "code": "210", "location": "Texas (San Antonio)" },
	{ "code": "212", "location": "New York (Manhattan)" },
	{ "code": "213", "location": "California (Los Angeles)" },
	{ "code": "214", "location": "Texas (Dallas)" },
	{ "code": "215", "location": "Pennsylvania (Philadelphia)" },
	{ "code": "216", "location": "Ohio (Cleveland)" },
	{ "code": "217", "location": "Illinois (Springfield, Champaign)" },
	{ "code": "218", "location": "Minnesota (Duluth)" },
	{ "code": "219", "location": "Indiana (Gary, Hammond)" },
	{ "code": "224", "location": "Illinois (Evanston, Waukegan)" },
	{ "code": "225", "location": "Louisiana (Baton Rouge)" },
	{ "code": "228", "location": "Mississippi (Gulfport, Biloxi)" },
	{ "code": "229", "location": "Georgia (Albany, Valdosta)" },
	{ "code": "231", "location": "Michigan (Traverse City, Muskegon)" },
	{ "code": "234", "location": "Ohio (Akron, Canton)" },
	{ "code": "239", "location": "Florida (Fort Myers, Naples)" },
	{ "code": "240", "location": "Maryland (Rockville, Frederick)" },
	{ "code": "248", "location": "Michigan (Troy, Pontiac)" },
	{ "code": "251", "location": "Alabama (Mobile)" },
	{ "code": "252", "location": "North Carolina (Greenville, Rocky Mount)" },
	{ "code": "253", "location": "Washington (Tacoma)" },
	{ "code": "254", "location": "Texas (Waco, Killeen)" },
	{ "code": "256", "location": "Alabama (Huntsville, Gadsden)" },
	{ "code": "260", "location": "Indiana (Fort Wayne)" },
	{ "code": "262", "location": "Wisconsin (Kenosha, Racine)" },
	{ "code": "267", "location": "Pennsylvania (Philadelphia)" },
	{ "code": "269", "location": "Michigan (Kalamazoo, Battle Creek)" },
	{ "code": "270", "location": "Kentucky (Bowling Green, Paducah)" },
	{ "code": "272", "location": "Pennsylvania (Scranton, Wilkes-Barre)" },
	{ "code": "276", "location": "Virginia (Bristol, Martinsville)" },
	{ "code": "281", "location": "Texas (Houston)" },
	{ "code": "301", "location": "Maryland (Bethesda, Silver Spring)" },
	{ "code": "302", "location": "Delaware" },
	{ "code": "303", "location": "Colorado (Denver, Boulder)" },
	{ "code": "304", "location": "West Virginia" },
	{ "code": "305", "location": "Florida (Miami, Key West)" },
	{ "code": "307", "location": "Wyoming" },
	{ "code": "308", "location": "Nebraska (North Platte, Grand Island)" },
	{ "code": "309", "location": "Illinois (Peoria, Rock Island)" },
	{ "code": "310", "location": "California (Los Angeles - West)" },
	{ "code": "312", "location": "Illinois (Chicago)" },
	{ "code": "313", "location": "Michigan (Detroit)" },
	{ "code": "314", "location": "Missouri (St. Louis)" },
	{ "code": "315", "location": "New York (Syracuse, Utica)" },
	{ "code": "316", "location": "Kansas (Wichita)" },
	{ "code": "317", "location": "Indiana (Indianapolis)" },
	{ "code": "318", "location": "Louisiana (Shreveport, Monroe)" },
	{ "code": "319", "location": "Iowa (Cedar Rapids, Dubuque)" },
	{ "code": "320", "location": "Minnesota (St. Cloud)" },
	{ "code": "321", "location": "Florida (Orlando - Brevard County)" },
	{ "code": "323", "location": "California (Los Angeles)" },
	{ "code": "325", "location": "Texas (Abilene, San Angelo)" },
	{ "code": "330", "location": "Ohio (Akron, Youngstown)" },
	{ "code": "331", "location": "Illinois (Aurora, Joliet)" },
	{ "code": "334", "location": "Alabama (Montgomery, Auburn)" },
	{ "code": "336", "location": "North Carolina (Greensboro, Winston-Salem)" },
	{ "code": "337", "location": "Louisiana (Lafayette, Lake Charles)" },
	{ "code": "339", "location": "Massachusetts (Boston)" },
	{ "code": "346", "location": "Texas (Houston)" },
	{ "code": "347", "location": "New York (Brooklyn, Queens)" },
	{ "code": "351", "location": "Massachusetts (Lowell, Lawrence)" },
	{ "code": "352", "location": "Florida (Gainesville, Ocala)" },
	{ "code": "360", "location": "Washington (Olympia, Bellingham)" },
	{ "code": "361", "location": "Texas (Corpus Christi)" },
	{ "code": "364", "location": "Kentucky (Lexington, Frankfort)" },
	{ "code": "380", "location": "Ohio (Columbus)" },
	{ "code": "385", "location": "Utah (Salt Lake City)" },
	{ "code": "386", "location": "Florida (Daytona Beach, Palm Coast)" },
	{ "code": "401", "location": "Rhode Island" },
	{ "code": "402", "location": "Nebraska (Omaha, Lincoln)" },
	{ "code": "404", "location": "Georgia (Atlanta)" },
	{ "code": "405", "location": "Oklahoma (Oklahoma City)" },
	{ "code": "406", "location": "Montana" },
	{ "code": "407", "location": "Florida (Orlando)" },
	{ "code": "408", "location": "California (San Jose)" },
	{ "code": "409", "location": "Texas (Beaumont, Galveston)" },
	{ "code": "410", "location": "Maryland (Baltimore)" },
	{ "code": "412", "location": "Pennsylvania (Pittsburgh)" },
	{ "code": "413", "location": "Massachusetts (Springfield, Pittsfield)" },
	{ "code": "414", "location": "Wisconsin (Milwaukee)" },
	{ "code": "415", "location": "California (San Francisco)" },
	{ "code": "417", "location": "Missouri (Springfield, Joplin)" },
	{ "code": "419", "location": "Ohio (Toledo)" },
	{ "code": "423", "location": "Tennessee (Chattanooga, Tri-Cities)" },
	{ "code": "424", "location": "California (Los Angeles - West)" },
	{ "code": "425", "location": "Washington (Bellevue, Everett)" },
	{ "code": "430", "location": "Texas (Tyler, Longview)" },
	{ "code": "432", "location": "Texas (Midland, Odessa)" },
	{ "code": "434", "location": "Virginia (Charlottesville, Lynchburg)" },
	{ "code": "435", "location": "Utah (St. George, Cedar City)" },
	{ "code": "440", "location": "Ohio (Cleveland suburbs)" },
	{ "code": "442", "location": "California (Oceanside, Escondido)" },
	{ "code": "443", "location": "Maryland (Baltimore)" },
	{ "code": "458", "location": "Oregon (Eugene, Salem)" },
	{ "code": "463", "location": "Indiana (Indianapolis)" },
	{ "code": "469", "location": "Texas (Dallas)" },
	{ "code": "470", "location": "Georgia (Atlanta)" },
	{ "code": "475", "location": "Connecticut (New Haven, Bridgeport)" },
	{ "code": "478", "location": "Georgia (Macon, Warner Robins)" },
	{ "code": "479", "location": "Arkansas (Fort Smith, Fayetteville)" },
	{ "code": "480", "location": "Arizona (Phoenix - East Valley)" },
	{ "code": "484", "location": "Pennsylvania (Allentown, Reading)" },
	{ "code": "501", "location": "Arkansas (Little Rock)" },
	{ "code": "502", "location": "Kentucky (Louisville)" },
	{ "code": "503", "location": "Oregon (Portland, Salem)" },
	{ "code": "504", "location": "Louisiana (New Orleans)" },
	{ "code": "505", "location": "New Mexico (Albuquerque)" },
	{ "code": "507", "location": "Minnesota (Rochester, Mankato)" },
	{ "code": "508", "location": "Massachusetts (Worcester, Cape Cod)" },
	{ "code": "509", "location": "Washington (Spokane, Yakima)" },
	{ "code": "510", "location": "California (Oakland, Fremont)" },
	{ "code": "512", "location": "Texas (Austin)" },
	{ "code": "513", "location": "Ohio (Cincinnati)" },
	{ "code": "515", "location": "Iowa (Des Moines)" },
	{ "code": "516", "location": "New York (Long Island - Nassau)" },
	{ "code": "517", "location": "Michigan (Lansing, Jackson)" },
	{ "code": "518", "location": "New York (Albany, Schenectady)" },
	{ "code": "520", "location": "Arizona (Tucson)" },
	{ "code": "530", "location": "California (Redding, Chico)" },
	{ "code": "531", "location": "Nebraska (Omaha, Lincoln)" },
	{ "code": "534", "location": "Wisconsin (Eau Claire, La Crosse)" },
	{ "code": "539", "location": "Oklahoma (Tulsa)" },
	{ "code": "540", "location": "Virginia (Roanoke, Fredericksburg)" },
	{ "code": "541", "location": "Oregon (Eugene, Medford)" },
	{ "code": "551", "location": "New Jersey (Jersey City, Hackensack)" },
	{ "code": "559", "location": "California (Fresno, Visalia)" },
	{ "code": "561", "location": "Florida (West Palm Beach)" },
	{ "code": "562", "location": "California (Long Beach)" },
	{ "code": "563", "location": "Iowa (Davenport, Dubuque)" },
	{ "code": "564", "location": "Washington (Seattle)" },
	{ "code": "567", "location": "Ohio (Toledo)" },
	{ "code": "570", "location": "Pennsylvania (Scranton, Wilkes-Barre)" },
	{ "code": "571", "location": "Virginia (Arlington, Alexandria)" },
	{ "code": "573", "location": "Missouri (Columbia, Jefferson City)" },
	{ "code": "574", "location": "Indiana (South Bend, Elkhart)" },
	{ "code": "575", "location": "New Mexico (Las Cruces, Roswell)" },
	{ "code": "580", "location": "Oklahoma (Lawton, Enid)" },
	{ "code": "585", "location": "New York (Rochester)" },
	{ "code": "586", "location": "Michigan (Warren, Sterling Heights)" },
	{ "code": "601", "location": "Mississippi (Jackson)" },
	{ "code": "602", "location": "Arizona (Phoenix)" },
	{ "code": "603", "location": "New Hampshire" },
	{ "code": "605", "location": "South Dakota" },
	{ "code": "606", "location": "Kentucky (Ashland, Somerset)" },
	{ "code": "607", "location": "New York (Binghamton, Elmira)" },
	{ "code": "608", "location": "Wisconsin (Madison, La Crosse)" },
	{ "code": "609", "location": "New Jersey (Trenton, Atlantic City)" },
	{ "code": "610", "location": "Pennsylvania (Allentown, Reading)" },
	{ "code": "612", "location": "Minnesota (Minneapolis)" },
	{ "code": "614", "location": "Ohio (Columbus)" },
	{ "code": "615", "location": "Tennessee (Nashville)" },
	{ "code": "616", "location": "Michigan (Grand Rapids)" },
	{ "code": "617", "location": "Massachusetts (Boston)" },
	{ "code": "618", "location": "Illinois (Belleville, Carbondale)" },
	{ "code": "619", "location": "California (San Diego)" },
	{ "code": "620", "location": "Kansas (Hutchinson, Dodge City)" },
	{ "code": "623", "location": "Arizona (Phoenix - West Valley)" },
	{ "code": "626", "location": "California (Pasadena, Arcadia)" },
	{ "code": "628", "location": "California (San Francisco)" },
	{ "code": "629", "location": "Tennessee (Nashville)" },
	{ "code": "630", "location": "Illinois (Aurora, Naperville)" },
	{ "code": "631", "location": "New York (Long Island - Suffolk)" },
	{ "code": "636", "location": "Missouri (St. Louis suburbs)" },
	{ "code": "641", "location": "Iowa (Mason City, Ottumwa)" },
	{ "code": "646", "location": "New York (Manhattan)" },
	{ "code": "650", "location": "California (San Mateo, Palo Alto)" },
	{ "code": "651", "location": "Minnesota (St. Paul)" },
	{ "code": "657", "location": "California (Anaheim, Santa Ana)" },
	{ "code": "660", "location": "Missouri (Sedalia, Marshall)" },
	{ "code": "661", "location": "California (Bakersfield, Lancaster)" },
	{ "code": "662", "location": "Mississippi (Tupelo, Greenville)" },
	{ "code": "667", "location": "Maryland (Baltimore)" },
	{ "code": "669", "location": "California (San Jose)" },
	{ "code": "678", "location": "Georgia (Atlanta)" },
	{ "code": "680", "location": "New York (Syracuse, Utica)" },
	{ "code": "681", "location": "West Virginia (Charleston, Huntington)" },
	{ "code": "682", "location": "Texas (Fort Worth, Arlington)" },
	{ "code": "701", "location": "North Dakota" },
	{ "code": "702", "location": "Nevada (Las Vegas)" },
	{ "code": "703", "location": "Virginia (Arlington, Alexandria)" },
	{ "code": "704", "location": "North Carolina (Charlotte)" },
	{ "code": "706", "location": "Georgia (Augusta, Columbus)" },
	{ "code": "707", "location": "California (Santa Rosa, Eureka)" },
	{ "code": "708", "location": "Illinois (Cicero, Oak Park)" },
	{ "code": "712", "location": "Iowa (Sioux City, Council Bluffs)" },
	{ "code": "713", "location": "Texas (Houston)" },
	{ "code": "714", "location": "California (Anaheim, Santa Ana)" },
	{ "code": "715", "location": "Wisconsin (Eau Claire, Wausau)" },
	{ "code": "716", "location": "New York (Buffalo, Niagara Falls)" },
	{ "code": "717", "location": "Pennsylvania (Harrisburg, York)" },
	{ "code": "718", "location": "New York (Brooklyn, Queens)" },
	{ "code": "719", "location": "Colorado (Colorado Springs, Pueblo)" },
	{ "code": "720", "location": "Colorado (Denver, Boulder)" },
	{ "code": "724", "location": "Pennsylvania (New Castle, Uniontown)" },
	{ "code": "725", "location": "Nevada (Las Vegas)" },
	{ "code": "727", "location": "Florida (St. Petersburg, Clearwater)" },
	{ "code": "731", "location": "Tennessee (Jackson, Martin)" },
	{ "code": "732", "location": "New Jersey (New Brunswick, Toms River)" },
	{ "code": "734", "location": "Michigan (Ann Arbor, Ypsilanti)" },
	{ "code": "737", "location": "Texas (Austin)" },
	{ "code": "740", "location": "Ohio (Zanesville, Athens)" },
	{ "code": "747", "location": "California (Los Angeles - San Fernando Valley)" },
	{ "code": "754", "location": "Florida (Fort Lauderdale)" },
	{ "code": "757", "location": "Virginia (Virginia Beach, Norfolk)" },
	{ "code": "760", "location": "California (Oceanside, Palm Springs)" },
	{ "code": "762", "location": "Georgia (Augusta, Columbus)" },
	{ "code": "763", "location": "Minnesota (Minneapolis suburbs)" },
	{ "code": "765", "location": "Indiana (Lafayette, Muncie)" },
	{ "code": "769", "location": "Mississippi (Jackson)" },
	{ "code": "770", "location": "Georgia (Atlanta suburbs)" },
	{ "code": "772", "location": "Florida (Port St. Lucie, Vero Beach)" },
	{ "code": "773", "location": "Illinois (Chicago)" },
	{ "code": "774", "location": "Massachusetts (Worcester, Cape Cod)" },
	{ "code": "775", "location": "Nevada (Reno, Carson City)" },
	{ "code": "779", "location": "Illinois (Rockford, Kankakee)" },
	{ "code": "781", "location": "Massachusetts (Boston suburbs)" },
	{ "code": "785", "location": "Kansas (Topeka, Lawrence)" },
	{ "code": "786", "location": "Florida (Miami)" },
	{ "code": "801", "location": "Utah (Salt Lake City, Provo)" },
	{ "code": "802", "location": "Vermont" },
	{ "code": "803", "location": "South Carolina (Columbia)" },
	{ "code": "804", "location": "Virginia (Richmond, Petersburg)" },
	{ "code": "805", "location": "California (Santa Barbara, Ventura)" },
	{ "code": "806", "location": "Texas (Amarillo, Lubbock)" },
	{ "code": "808", "location": "Hawaii" },
	{ "code": "810", "location": "Michigan (Flint, Port Huron)" },
	{ "code": "812", "location": "Indiana (Evansville, Bloomington)" },
	{ "code": "813", "location": "Florida (Tampa)" },
	{ "code": "814", "location": "Pennsylvania (Erie, Altoona)" },
	{ "code": "815", "location": "Illinois (Rockford, Joliet)" },
	{ "code": "816", "location": "Missouri (Kansas City)" },
	{ "code": "817", "location": "Texas (Fort Worth, Arlington)" },
	{ "code": "818", "location": "California (Los Angeles - San Fernando Valley)" },
	{ "code": "828", "location": "North Carolina (Asheville, Hickory)" },
	{ "code": "830", "location": "Texas (New Braunfels, Del Rio)" },
	{ "code": "831", "location": "California (Salinas, Monterey)" },
	{ "code": "832", "location": "Texas (Houston)" },
	{ "code": "843", "location": "South Carolina (Charleston, Myrtle Beach)" },
	{ "code": "845", "location": "New York (Poughkeepsie, Newburgh)" },
	{ "code": "847", "location": "Illinois (Evanston, Waukegan)" },
	{ "code": "848", "location": "New Jersey (New Brunswick, Toms River)" },
	{ "code": "850", "location": "Florida (Tallahassee, Pensacola)" },
	{ "code": "854", "location": "South Carolina (Charleston, Myrtle Beach)" },
	{ "code": "856", "location": "New Jersey (Camden, Cherry Hill)" },
	{ "code": "857", "location": "Massachusetts (Boston)" },
	{ "code": "858", "location": "California (San Diego)" },
	{ "code": "859", "location": "Kentucky (Lexington, Covington)" },
	{ "code": "860", "location": "Connecticut (Hartford)" },
	{ "code": "862", "location": "New Jersey (Newark, Jersey City)" },
	{ "code": "863", "location": "Florida (Lakeland, Winter Haven)" },
	{ "code": "864", "location": "South Carolina (Greenville, Spartanburg)" },
	{ "code": "865", "location": "Tennessee (Knoxville)" },
	{ "code": "870", "location": "Arkansas (Jonesboro, Pine Bluff)" },
	{ "code": "872", "location": "Illinois (Chicago)" },
	{ "code": "878", "location": "Pennsylvania (Pittsburgh)" },
	{ "code": "901", "location": "Tennessee (Memphis)" },
	{ "code": "903", "location": "Texas (Tyler, Longview)" },
	{ "code": "904", "location": "Florida (Jacksonville)" },
	{ "code": "906", "location": "Michigan (Upper Peninsula)" },
	{ "code": "907", "location": "Alaska" },
	{ "code": "908", "location": "New Jersey (Elizabeth, Somerville)" },
	{ "code": "909", "location": "California (San Bernardino, Riverside)" },
	{ "code": "910", "location": "North Carolina (Wilmington, Fayetteville)" },
	{ "code": "912", "location": "Georgia (Savannah)" },
	{ "code": "913", "location": "Kansas (Kansas City, Overland Park)" },
	{ "code": "914", "location": "New York (Yonkers, White Plains)" },
	{ "code": "915", "location": "Texas (El Paso)" },
	{ "code": "916", "location": "California (Sacramento)" },
	{ "code": "917", "location": "New York (New York City)" },
	{ "code": "918", "location": "Oklahoma (Tulsa)" },
	{ "code": "919", "location": "North Carolina (Raleigh, Durham)" },
	{ "code": "920", "location": "Wisconsin (Green Bay, Appleton)" },
	{ "code": "925", "location": "California (Concord, Antioch)" },
	{ "code": "928", "location": "Arizona (Flagstaff, Yuma)" },
	{ "code": "929", "location": "New York (Brooklyn, Queens)" },
	{ "code": "930", "location": "Indiana (Evansville, Bloomington)" },
	{ "code": "931", "location": "Tennessee (Clarksville, Columbia)" },
	{ "code": "934", "location": "New York (Long Island - Suffolk)" },
	{ "code": "936", "location": "Texas (Conroe, Lufkin)" },
	{ "code": "937", "location": "Ohio (Dayton, Springfield)" },
	{ "code": "938", "location": "Alabama (Huntsville, Gadsden)" },
	{ "code": "940", "location": "Texas (Wichita Falls, Denton)" },
	{ "code": "941", "location": "Florida (Sarasota, Bradenton)" },
	{ "code": "947", "location": "Michigan (Troy, Pontiac)" },
	{ "code": "949", "location": "California (Irvine, Mission Viejo)" },
	{ "code": "951", "location": "California (Riverside, Corona)" },
	{ "code": "952", "location": "Minnesota (Bloomington, Burnsville)" },
	{ "code": "954", "location": "Florida (Fort Lauderdale)" },
	{ "code": "956", "location": "Texas (Laredo, Brownsville)" },
	{ "code": "959", "location": "Connecticut (Hartford)" },
	{ "code": "970", "location": "Colorado (Fort Collins, Grand Junction)" },
	{ "code": "971", "location": "Oregon (Portland, Salem)" },
	{ "code": "972", "location": "Texas (Dallas)" },
	{ "code": "973", "location": "New Jersey (Newark, Paterson)" },
	{ "code": "978", "location": "Massachusetts (Lowell, Lawrence)" },
	{ "code": "979", "location": "Texas (Bryan, College Station)" },
	{ "code": "980", "location": "North Carolina (Charlotte)" },
	{ "code": "984", "location": "North Carolina (Raleigh, Durham)" },
	{ "code": "985", "location": "Louisiana (Houma, Slidell)" },
	{ "code": "989", "location": "Michigan (Saginaw, Midland)" }
]
