[
	{ "code": "204", "location": "Manitoba" },
	{ "code": "226", "location": "Ontario (London, Windsor)" },
	{ "code": "236", "location": "British Columbia (Vancouver, Surrey)" },
	{ "code": "249", "location": "Ontario (Sudbury, North Bay)" },
	{ "code": "250", "location": "British Columbia (Victoria, Kelowna)" },
	{ "code": "263", "location": "Quebec (Montreal)" },
	{ "code": "289", "location": "Ontario (Hamilton, Niagara)" },
	{ "code": "306", "location": "Saskatchewan" },
	{ "code": "343", "location": "Ontario (Ottawa)" },
	{ "code": "354", "location": "Ontario (Hamilton, Niagara)" },
	{ "code": "365", "location": "Ontario (Hamilton, Niagara)" },
	{ "code": "367", "location": "Quebec (Montreal)" },
	{ "code": "368", "location": "Alberta (Edmonton)" },
	{ "code": "382", "location": "Ontario (Sudbury, North Bay)" },
	{ "code": "403", "location": "Alberta (Calgary)" },
	{ "code": "416", "location": "Ontario (Toronto)" },
	{ "code": "418", "location": "Quebec (Quebec City)" },
	{ "code": "428", "location": "Alberta (Edmonton)" },
	{ "code": "431", "location": "Manitoba (Winnipeg)" },
	{ "code": "437", "location": "Ontario (Toronto)" },
	{ "code": "438", "location": "Quebec (Montreal)" },
	{ "code": "450", "location": "Quebec (Laval, Longueuil)" },
	{ "code": "468", "location": "Quebec (Montreal)" },
	{ "code": "474", "location": "Saskatchewan (Regina, Saskatoon)" },
	{ "code": "506", "location": "New Brunswick" },
	{ "code": "514", "location": "Quebec (Montreal)" },
	{ "code": "519", "location": "Ontario (London, Windsor)" },
	{ "code": "548", "location": "Ontario (London, Windsor)" },
	{ "code": "579", "location": "Quebec (Laval, Longueuil)" },
	{ "code": "581", "location": "Quebec (Quebec City)" },
	{ "code": "584", "location": "Manitoba (Winnipeg)" },
	{ "code": "587", "location": "Alberta (Calgary, Edmonton)" },
	{ "code": "604", "location": "British Columbia (Vancouver, Surrey)" },
	{ "code": "613", "location": "Ontario (Ottawa)" },
	{ "code": "639", "location": "Saskatchewan (Regina, Saskatoon)" },
	{ "code": "647", "location": "Ontario (Toronto)" },
	{ "code": "672", "location": "British Columbia (Vancouver, Surrey)" },
	{ "code": "705", "location": "Ontario (Barrie, Peterborough, Orillia)" },
	{ "code": "709", "location": "Newfoundland and Labrador" },
	{ "code": "742", "location": "Ontario (Sudbury, North Bay)" },
	{ "code": "753", "location": "Ontario (Ottawa)" },
	{ "code": "778", "location": "British Columbia (Vancouver, Surrey)" },
	{ "code": "780", "location": "Alberta (Edmonton)" },
	{ "code": "782", "location": "Nova Scotia, Prince Edward Island" },
	{ "code": "807", "location": "Ontario (Thunder Bay, Kenora)" },
	{ "code": "819", "location": "Quebec (Gatineau, Sherbrooke)" },
	{ "code": "825", "location": "Alberta (Calgary, Edmonton)" },
	{ "code": "867", "location": "Yukon, Northwest Territories, Nunavut" },
	{ "code": "873", "location": "Quebec (Montreal)" },
	{ "code": "902", "location": "Nova Scotia, Prince Edward Island" },
	{ "code": "905", "location": "Ontario (Hamilton, Mississauga)" },
	{ "code": "942", "location": "Alberta (Edmonton)" }
]
